{
    "price_data_20251228_095757.json": {
        "mtime": 1766912281.1568975,
        "last_year": 2025
    },
    "price_data_20251228_191449.json": {
        "mtime": 1766945694.4595518,
        "last_year": 2025
    },
    "price_data_20251228_093252.json": {
        "mtime": 1766910779.3652434,
        "last_year": 2025
    },
    "price_data_20251229_203111.json": {
        "mtime": 1767036680.3470914,
        "last_year": 2025
    },
    "price_data_20251229_203156.json": {
        "mtime": 1767036725.2139544,
        "last_year": 2025
    },
    "price_data_20251228_005428.json": {
        "mtime": 1766879674.2323017,
        "last_year": 2025
    },
    "price_data_20251228_094550.json": {
        "mtime": 1766911557.046958,
        "last_year": 2025
    },
    "price_data_20251228_190129.json": {
        "mtime": 1766944894.9560883,
        "last_year": 2025
    },
    "price_data_20251228_074625.json": {
        "mtime": 1766904389.8545961,
        "last_year": 2025
    },
    "price_data_20251228_094211.json": {
        "mtime": 1766911342.6215737,
        "last_year": 2025
    },
    "price_data_20251228_190626.json": {
        "mtime": 1766945191.7866788,
        "last_year": 2025
    },
    "price_data_20251228_191429.json": {
        "mtime": 1766945674.3797188,
        "last_year": 2025
    },
    "price_data_20251228_010052.json": {
        "mtime": 1766880058.9589171,
        "last_year": 2025
    },
    "price_data_20251228_074951.json": {
        "mtime": 1766904596.8310823,
        "last_year": 2025
    },
    "price_data_20251228_075316.json": {
        "mtime": 1766904802.3641372,
        "last_year": 2025
    },
    "price_data_20251228_075358.json": {
        "mtime": 1766904843.3221323,
        "last_year": 2025
    },
    "price_data_20251228_190544.json": {
        "mtime": 1766945148.9213514,
        "last_year": 2025
    },
    "price_data_20251228_092815.json": {
        "mtime": 1766910500.0452445,
        "last_year": 2025
    },
    "price_data_20251228_094020.json": {
        "mtime": 1766911225.4515316,
        "last_year": 2025
    },
    "price_data_20251228_095316.json": {
        "mtime": 1766911999.7685804,
        "last_year": 2025
    },
    "price_data_20251228_010140.json": {
        "mtime": 1766880107.163397,
        "last_year": 2025
    },
    "price_data_20251229_204547.json": {
        "mtime": 1767037556.2230222,
        "last_year": 2025
    },
    "price_data_20251229_204434.json": {
        "mtime": 1767037481.4901366,
        "last_year": 2025
    },
    "price_data_20251229_205006.json": {
        "mtime": 1767037817.6621604,
        "last_year": 2025
    }
}